,Links
0,http://img03.platesmania.com/211014/m/17746846.jpg
1,http://img03.platesmania.com/211014/m/17746598.jpg
2,http://img03.platesmania.com/211013/m/17743850.jpg
3,http://img03.platesmania.com/211013/m/17743806.jpg
4,http://img03.platesmania.com/211013/m/17743802.jpg
5,http://img03.platesmania.com/211013/m/17743232.jpg
6,http://img03.platesmania.com/211013/m/17741404.jpg
7,http://img03.platesmania.com/211013/m/17741399.jpg
8,http://img03.platesmania.com/211013/m/17740488.jpg
9,http://img03.platesmania.com/211013/m/17740469.jpg
10,http://img03.platesmania.com/211013/m/17740046.jpg
11,http://img03.platesmania.com/211012/m/17739357.jpg
12,http://img03.platesmania.com/211012/m/17739273.jpg
13,http://img03.platesmania.com/211012/m/17739272.jpg
14,http://img03.platesmania.com/211012/m/17739269.jpg
15,http://img03.platesmania.com/211012/m/17739267.jpg
16,http://img03.platesmania.com/211012/m/17739264.jpg
17,http://img03.platesmania.com/211012/m/17739260.jpg
18,http://img03.platesmania.com/211012/m/17739256.jpg
19,http://img03.platesmania.com/211012/m/17739252.jpg
20,http://img03.platesmania.com/211012/m/17739075.jpg
21,http://img03.platesmania.com/211012/m/17739067.jpg
22,http://img03.platesmania.com/211012/m/17739065.jpg
23,http://img03.platesmania.com/211012/m/17738615.jpg
24,http://img03.platesmania.com/211012/m/17738598.jpg
25,http://img03.platesmania.com/211012/m/17737189.jpg
26,http://img03.platesmania.com/211012/m/17735722.jpg
27,http://img03.platesmania.com/211012/m/17735458.jpg
28,http://img03.platesmania.com/211012/m/17734727.jpg
29,http://img03.platesmania.com/211012/m/17734722.jpg
30,http://img03.platesmania.com/211011/m/17730180.jpg
31,http://img03.platesmania.com/211011/m/17730164.jpg
32,http://img03.platesmania.com/211011/m/17730147.jpg
33,http://img03.platesmania.com/211011/m/17726611.jpg
34,http://img03.platesmania.com/211011/m/17726607.jpg
35,http://img03.platesmania.com/211011/m/17726603.jpg
36,http://img03.platesmania.com/211011/m/17726601.jpg
37,http://img03.platesmania.com/211011/m/17726595.jpg
38,http://img03.platesmania.com/211011/m/17726591.jpg
39,http://img03.platesmania.com/211011/m/17726588.jpg
40,http://img03.platesmania.com/211011/m/17726583.jpg
41,http://img03.platesmania.com/211011/m/17726580.jpg
42,http://img03.platesmania.com/211011/m/17726576.jpg
43,http://img03.platesmania.com/211011/m/17726572.jpg
44,http://img03.platesmania.com/211011/m/17726567.jpg
45,http://img03.platesmania.com/211011/m/17726563.jpg
46,http://img03.platesmania.com/211011/m/17726558.jpg
47,http://img03.platesmania.com/211011/m/17726548.jpg
48,http://img03.platesmania.com/211011/m/17726543.jpg
49,http://img03.platesmania.com/211011/m/17726538.jpg
50,http://img03.platesmania.com/211011/m/17726535.jpg
51,http://img03.platesmania.com/211011/m/17726525.jpg
52,http://img03.platesmania.com/211011/m/17726521.jpg
53,http://img03.platesmania.com/211011/m/17726513.jpg
54,http://img03.platesmania.com/211011/m/17726509.jpg
55,http://img03.platesmania.com/211011/m/17726497.jpg
56,http://img03.platesmania.com/211011/m/17726429.jpg
57,http://img03.platesmania.com/211010/m/17726049.jpg
58,http://img03.platesmania.com/211010/m/17726039.jpg
59,http://img03.platesmania.com/211010/m/17726009.jpg
60,http://img03.platesmania.com/211010/m/17725980.jpg
61,http://img03.platesmania.com/211010/m/17725956.jpg
62,http://img03.platesmania.com/211010/m/17725910.jpg
63,http://img03.platesmania.com/211010/m/17725895.jpg
64,http://img03.platesmania.com/211010/m/17725861.jpg
65,http://img03.platesmania.com/211010/m/17725833.jpg
66,http://img03.platesmania.com/211010/m/17725818.jpg
67,http://img03.platesmania.com/211010/m/17725796.jpg
68,http://img03.platesmania.com/211010/m/17725764.jpg
69,http://img03.platesmania.com/211010/m/17725735.jpg
70,http://img03.platesmania.com/211010/m/17725702.jpg
71,http://img03.platesmania.com/211010/m/17725669.jpg
72,http://img03.platesmania.com/211010/m/17725636.jpg
73,http://img03.platesmania.com/211010/m/17725610.jpg
74,http://img03.platesmania.com/211010/m/17725592.jpg
75,http://img03.platesmania.com/211010/m/17725578.jpg
76,http://img03.platesmania.com/211010/m/17725559.jpg
77,http://img03.platesmania.com/211010/m/17725544.jpg
78,http://img03.platesmania.com/211010/m/17725527.jpg
79,http://img03.platesmania.com/211010/m/17725507.jpg
80,http://img03.platesmania.com/211010/m/17725492.jpg
81,http://img03.platesmania.com/211010/m/17725468.jpg
82,http://img03.platesmania.com/211010/m/17723783.jpg
83,http://img03.platesmania.com/211010/m/17723727.jpg
84,http://img03.platesmania.com/211010/m/17723708.jpg
85,http://img03.platesmania.com/211010/m/17723698.jpg
86,http://img03.platesmania.com/211010/m/17723691.jpg
87,http://img03.platesmania.com/211010/m/17723686.jpg
88,http://img03.platesmania.com/211010/m/17723683.jpg
89,http://img03.platesmania.com/211010/m/17723681.jpg
90,http://img03.platesmania.com/211010/m/17723676.jpg
91,http://img03.platesmania.com/211010/m/17723673.jpg
92,http://img03.platesmania.com/211010/m/17723655.jpg
93,http://img03.platesmania.com/211010/m/17723653.jpg
94,http://img03.platesmania.com/211010/m/17723652.jpg
95,http://img03.platesmania.com/211010/m/17723646.jpg
96,http://img03.platesmania.com/211010/m/17723535.jpg
97,http://img03.platesmania.com/211010/m/17720834.jpg
98,http://img03.platesmania.com/211010/m/17720831.jpg
99,http://img03.platesmania.com/211010/m/17720784.jpg
100,http://img03.platesmania.com/211010/m/17719147.jpg
101,http://img03.platesmania.com/211010/m/17718548.jpg
102,http://img03.platesmania.com/211010/m/17718545.jpg
103,http://img03.platesmania.com/211010/m/17718542.jpg
104,http://img03.platesmania.com/211010/m/17718539.jpg
105,http://img03.platesmania.com/211010/m/17718538.jpg
106,http://img03.platesmania.com/211010/m/17718536.jpg
107,http://img03.platesmania.com/211010/m/17718534.jpg
108,http://img03.platesmania.com/211010/m/17718365.jpg
109,http://img03.platesmania.com/211010/m/17718355.jpg
110,http://img03.platesmania.com/211010/m/17718350.jpg
111,http://img03.platesmania.com/211010/m/17718334.jpg
112,http://img03.platesmania.com/211010/m/17718325.jpg
113,http://img03.platesmania.com/211009/m/17717545.jpg
114,http://img03.platesmania.com/211009/m/17717358.jpg
115,http://img03.platesmania.com/211009/m/17713910.jpg
116,http://img03.platesmania.com/211009/m/17713676.jpg
117,http://img03.platesmania.com/211009/m/17713643.jpg
118,http://img03.platesmania.com/211009/m/17713475.jpg
119,http://img03.platesmania.com/211009/m/17713458.jpg
120,http://img03.platesmania.com/211009/m/17713197.jpg
121,http://img03.platesmania.com/211009/m/17713182.jpg
122,http://img03.platesmania.com/211009/m/17710000.jpg
123,http://img03.platesmania.com/211009/m/17709995.jpg
124,http://img03.platesmania.com/211009/m/17709990.jpg
125,http://img03.platesmania.com/211009/m/17709984.jpg
126,http://img03.platesmania.com/211009/m/17709978.jpg
127,http://img03.platesmania.com/211009/m/17709952.jpg
128,http://img03.platesmania.com/211009/m/17709942.jpg
129,http://img03.platesmania.com/211009/m/17709938.jpg
130,http://img03.platesmania.com/211009/m/17709934.jpg
131,http://img03.platesmania.com/211009/m/17709931.jpg
132,http://img03.platesmania.com/211009/m/17709928.jpg
133,http://img03.platesmania.com/211009/m/17709926.jpg
134,http://img03.platesmania.com/211008/m/17708533.jpg
135,http://img03.platesmania.com/211008/m/17708261.jpg
136,http://img03.platesmania.com/211008/m/17708036.jpg
137,http://img03.platesmania.com/211008/m/17708027.jpg
138,http://img03.platesmania.com/211008/m/17708022.jpg
139,http://img03.platesmania.com/211008/m/17708015.jpg
140,http://img03.platesmania.com/211008/m/17708002.jpg
141,http://img03.platesmania.com/211008/m/17707972.jpg
142,http://img03.platesmania.com/211008/m/17706592.jpg
143,http://img03.platesmania.com/211008/m/17705673.jpg
144,http://img03.platesmania.com/211008/m/17705466.jpg
145,http://img03.platesmania.com/211008/m/17704972.jpg
146,http://img03.platesmania.com/211008/m/17704436.jpg
147,http://img03.platesmania.com/211008/m/17704415.jpg
148,http://img03.platesmania.com/211008/m/17703686.jpg
149,http://img03.platesmania.com/211008/m/17703669.jpg
150,http://img03.platesmania.com/211007/m/17699916.jpg
151,http://img03.platesmania.com/211007/m/17699881.jpg
152,http://img03.platesmania.com/211007/m/17697951.jpg
153,http://img03.platesmania.com/211007/m/17697949.jpg
154,http://img03.platesmania.com/211007/m/17697942.jpg
155,http://img03.platesmania.com/211007/m/17697915.jpg
156,http://img03.platesmania.com/211007/m/17696701.jpg
157,http://img03.platesmania.com/211007/m/17696641.jpg
158,http://img03.platesmania.com/211007/m/17696638.jpg
159,http://img03.platesmania.com/211007/m/17696625.jpg
160,http://img03.platesmania.com/211007/m/17696606.jpg
161,http://img03.platesmania.com/211006/m/17694043.jpg
162,http://img03.platesmania.com/211006/m/17694008.jpg
163,http://img03.platesmania.com/211006/m/17692868.jpg
164,http://img03.platesmania.com/211006/m/17692866.jpg
165,http://img03.platesmania.com/211006/m/17691041.jpg
166,http://img03.platesmania.com/211006/m/17691038.jpg
167,http://img03.platesmania.com/211006/m/17691036.jpg
168,http://img03.platesmania.com/211006/m/17691032.jpg
169,http://img03.platesmania.com/211006/m/17691018.jpg
170,http://img03.platesmania.com/211006/m/17691013.jpg
171,http://img03.platesmania.com/211006/m/17691011.jpg
172,http://img03.platesmania.com/211006/m/17691009.jpg
173,http://img03.platesmania.com/211006/m/17691007.jpg
174,http://img03.platesmania.com/211006/m/17691005.jpg
175,http://img03.platesmania.com/211006/m/17690999.jpg
176,http://img03.platesmania.com/211006/m/17690997.jpg
177,http://img03.platesmania.com/211006/m/17690992.jpg
178,http://img03.platesmania.com/211006/m/17690989.jpg
179,http://img03.platesmania.com/211006/m/17690986.jpg
180,http://img03.platesmania.com/211006/m/17690982.jpg
181,http://img03.platesmania.com/211006/m/17690969.jpg
182,http://img03.platesmania.com/211006/m/17690966.jpg
183,http://img03.platesmania.com/211006/m/17690963.jpg
184,http://img03.platesmania.com/211006/m/17690960.jpg
185,http://img03.platesmania.com/211006/m/17690526.jpg
186,http://img03.platesmania.com/211006/m/17690248.jpg
187,http://img03.platesmania.com/211006/m/17690244.jpg
188,http://img03.platesmania.com/211006/m/17689975.jpg
189,http://img03.platesmania.com/211006/m/17689973.jpg
190,http://img03.platesmania.com/211006/m/17689971.jpg
191,http://img03.platesmania.com/211006/m/17689969.jpg
192,http://img03.platesmania.com/211006/m/17689961.jpg
193,http://img03.platesmania.com/211006/m/17689959.jpg
194,http://img03.platesmania.com/211006/m/17689957.jpg
195,http://img03.platesmania.com/211006/m/17689587.jpg
196,http://img03.platesmania.com/211006/m/17689585.jpg
197,http://img03.platesmania.com/211006/m/17689577.jpg
198,http://img03.platesmania.com/211005/m/17683159.jpg
199,http://img03.platesmania.com/211005/m/17683155.jpg
200,http://img03.platesmania.com/211005/m/17682889.jpg
201,http://img03.platesmania.com/211005/m/17682697.jpg
202,http://img03.platesmania.com/211005/m/17682102.jpg
203,http://img03.platesmania.com/211005/m/17682101.jpg
204,http://img03.platesmania.com/211005/m/17682100.jpg
205,http://img03.platesmania.com/211005/m/17682099.jpg
206,http://img03.platesmania.com/211005/m/17682098.jpg
207,http://img03.platesmania.com/211005/m/17681783.jpg
208,http://img03.platesmania.com/211005/m/17681779.jpg
209,http://img03.platesmania.com/211005/m/17681720.jpg
210,http://img03.platesmania.com/211005/m/17681714.jpg
211,http://img03.platesmania.com/211005/m/17681697.jpg
212,http://img03.platesmania.com/211005/m/17681692.jpg
213,http://img03.platesmania.com/211005/m/17681655.jpg
214,http://img03.platesmania.com/211005/m/17681634.jpg
215,http://img03.platesmania.com/211005/m/17681623.jpg
216,http://img03.platesmania.com/211005/m/17681606.jpg
217,http://img03.platesmania.com/211005/m/17681592.jpg
218,http://img03.platesmania.com/211004/m/17681553.jpg
219,http://img03.platesmania.com/211004/m/17681534.jpg
220,http://img03.platesmania.com/211004/m/17681521.jpg
221,http://img03.platesmania.com/211004/m/17681503.jpg
222,http://img03.platesmania.com/211004/m/17681456.jpg
223,http://img03.platesmania.com/211004/m/17681443.jpg
224,http://img03.platesmania.com/211004/m/17681428.jpg
225,http://img03.platesmania.com/211004/m/17681398.jpg
226,http://img03.platesmania.com/211004/m/17681368.jpg
227,http://img03.platesmania.com/211004/m/17681298.jpg
228,http://img03.platesmania.com/211004/m/17681287.jpg
229,http://img03.platesmania.com/211004/m/17681262.jpg
230,http://img03.platesmania.com/211004/m/17681246.jpg
231,http://img03.platesmania.com/211004/m/17681231.jpg
232,http://img03.platesmania.com/211004/m/17681218.jpg
233,http://img03.platesmania.com/211004/m/17681206.jpg
234,http://img03.platesmania.com/211004/m/17681195.jpg
235,http://img03.platesmania.com/211004/m/17681169.jpg
236,http://img03.platesmania.com/211004/m/17681148.jpg
237,http://img03.platesmania.com/211004/m/17681141.jpg
238,http://img03.platesmania.com/211004/m/17681109.jpg
239,http://img03.platesmania.com/211004/m/17681090.jpg
240,http://img03.platesmania.com/211004/m/17681069.jpg
241,http://img03.platesmania.com/211004/m/17681053.jpg
242,http://img03.platesmania.com/211004/m/17681040.jpg
243,http://img03.platesmania.com/211004/m/17681024.jpg
244,http://img03.platesmania.com/211004/m/17681002.jpg
245,http://img03.platesmania.com/211004/m/17680978.jpg
246,http://img03.platesmania.com/211004/m/17680963.jpg
247,http://img03.platesmania.com/211004/m/17680914.jpg
248,http://img03.platesmania.com/211004/m/17680891.jpg
249,http://img03.platesmania.com/211004/m/17680873.jpg
250,http://img03.platesmania.com/211004/m/17680851.jpg
251,http://img03.platesmania.com/211004/m/17680832.jpg
252,http://img03.platesmania.com/211004/m/17680806.jpg
253,http://img03.platesmania.com/211004/m/17680777.jpg
254,http://img03.platesmania.com/211004/m/17680758.jpg
255,http://img03.platesmania.com/211004/m/17680734.jpg
256,http://img03.platesmania.com/211004/m/17680719.jpg
257,http://img03.platesmania.com/211004/m/17680688.jpg
258,http://img03.platesmania.com/211004/m/17680651.jpg
259,http://img03.platesmania.com/211004/m/17680624.jpg
260,http://img03.platesmania.com/211004/m/17680506.jpg
261,http://img03.platesmania.com/211004/m/17680482.jpg
262,http://img03.platesmania.com/211004/m/17680459.jpg
263,http://img03.platesmania.com/211004/m/17680432.jpg
264,http://img03.platesmania.com/211004/m/17680398.jpg
265,http://img03.platesmania.com/211004/m/17680372.jpg
266,http://img03.platesmania.com/211004/m/17680354.jpg
267,http://img03.platesmania.com/211004/m/17680338.jpg
268,http://img03.platesmania.com/211004/m/17680319.jpg
269,http://img03.platesmania.com/211004/m/17680295.jpg
270,http://img03.platesmania.com/211004/m/17680272.jpg
271,http://img03.platesmania.com/211004/m/17680252.jpg
272,http://img03.platesmania.com/211004/m/17680235.jpg
273,http://img03.platesmania.com/211004/m/17678244.jpg
274,http://img03.platesmania.com/211004/m/17677588.jpg
275,http://img03.platesmania.com/211004/m/17676405.jpg
276,http://img03.platesmania.com/211004/m/17676403.jpg
277,http://img03.platesmania.com/211004/m/17676400.jpg
278,http://img03.platesmania.com/211004/m/17676398.jpg
279,http://img03.platesmania.com/211004/m/17676395.jpg
280,http://img03.platesmania.com/211004/m/17676258.jpg
281,http://img03.platesmania.com/211004/m/17676220.jpg
282,http://img03.platesmania.com/211004/m/17676218.jpg
283,http://img03.platesmania.com/211004/m/17676197.jpg
284,http://img03.platesmania.com/211003/m/17675037.jpg
285,http://img03.platesmania.com/211003/m/17674643.jpg
286,http://img03.platesmania.com/211003/m/17674631.jpg
287,http://img03.platesmania.com/211003/m/17673788.jpg
288,http://img03.platesmania.com/211002/m/17665715.jpg
289,http://img03.platesmania.com/211002/m/17665710.jpg
290,http://img03.platesmania.com/211002/m/17665707.jpg
291,http://img03.platesmania.com/211002/m/17665703.jpg
292,http://img03.platesmania.com/211002/m/17665693.jpg
293,http://img03.platesmania.com/211002/m/17663029.jpg
294,http://img03.platesmania.com/211002/m/17663015.jpg
295,http://img03.platesmania.com/211002/m/17663004.jpg
296,http://img03.platesmania.com/211002/m/17662987.jpg
297,http://img03.platesmania.com/211002/m/17662970.jpg
298,http://img03.platesmania.com/211002/m/17662959.jpg
299,http://img03.platesmania.com/211002/m/17662947.jpg
300,http://img03.platesmania.com/211002/m/17662943.jpg
301,http://img03.platesmania.com/211002/m/17662934.jpg
302,http://img03.platesmania.com/211002/m/17662927.jpg
303,http://img03.platesmania.com/211002/m/17662918.jpg
304,http://img03.platesmania.com/211002/m/17662913.jpg
305,http://img03.platesmania.com/211002/m/17662910.jpg
306,http://img03.platesmania.com/211002/m/17662816.jpg
307,http://img03.platesmania.com/211002/m/17662811.jpg
308,http://img03.platesmania.com/211002/m/17662809.jpg
309,http://img03.platesmania.com/211002/m/17662806.jpg
310,http://img03.platesmania.com/211002/m/17662803.jpg
311,http://img03.platesmania.com/211002/m/17662800.jpg
312,http://img03.platesmania.com/211002/m/17662795.jpg
313,http://img03.platesmania.com/211002/m/17662769.jpg
314,http://img03.platesmania.com/211002/m/17662281.jpg
315,http://img03.platesmania.com/211002/m/17661514.jpg
316,http://img03.platesmania.com/211002/m/17661513.jpg
317,http://img03.platesmania.com/211002/m/17661508.jpg
318,http://img03.platesmania.com/211002/m/17661507.jpg
319,http://img03.platesmania.com/211002/m/17661503.jpg
320,http://img03.platesmania.com/211002/m/17661131.jpg
321,http://img03.platesmania.com/211001/m/17656875.jpg
322,http://img03.platesmania.com/211001/m/17654320.jpg
323,http://img03.platesmania.com/211001/m/17654317.jpg
324,http://img03.platesmania.com/211001/m/17654293.jpg
325,http://img03.platesmania.com/210930/m/17652497.jpg
326,http://img03.platesmania.com/210930/m/17652479.jpg
327,http://img03.platesmania.com/210930/m/17652344.jpg
328,http://img03.platesmania.com/210930/m/17651911.jpg
329,http://img03.platesmania.com/210930/m/17651043.jpg
330,http://img03.platesmania.com/210930/m/17650701.jpg
331,http://img03.platesmania.com/210930/m/17650687.jpg
332,http://img03.platesmania.com/210930/m/17650672.jpg
333,http://img03.platesmania.com/210930/m/17650654.jpg
334,http://img03.platesmania.com/210930/m/17650634.jpg
335,http://img03.platesmania.com/210930/m/17650624.jpg
336,http://img03.platesmania.com/210930/m/17650612.jpg
337,http://img03.platesmania.com/210930/m/17650596.jpg
338,http://img03.platesmania.com/210930/m/17650582.jpg
339,http://img03.platesmania.com/210930/m/17650573.jpg
340,http://img03.platesmania.com/210930/m/17650057.jpg
341,http://img03.platesmania.com/210930/m/17647477.jpg
342,http://img03.platesmania.com/210930/m/17647256.jpg
343,http://img03.platesmania.com/210930/m/17647230.jpg
344,http://img03.platesmania.com/210930/m/17647207.jpg
345,http://img03.platesmania.com/210930/m/17647198.jpg
346,http://img03.platesmania.com/210930/m/17647173.jpg
347,http://img03.platesmania.com/210930/m/17647163.jpg
348,http://img03.platesmania.com/210930/m/17647160.jpg
349,http://img03.platesmania.com/210930/m/17647110.jpg
350,http://img03.platesmania.com/210929/m/17644459.jpg
351,http://img03.platesmania.com/210929/m/17642479.jpg
352,http://img03.platesmania.com/210929/m/17642475.jpg
353,http://img03.platesmania.com/210929/m/17641763.jpg
354,http://img03.platesmania.com/210929/m/17641755.jpg
355,http://img03.platesmania.com/210928/m/17637519.jpg
356,http://img03.platesmania.com/210928/m/17635645.jpg
357,http://img03.platesmania.com/210928/m/17635642.jpg
358,http://img03.platesmania.com/210928/m/17635496.jpg
359,http://img03.platesmania.com/210928/m/17635327.jpg
360,http://img03.platesmania.com/210928/m/17635137.jpg
361,http://img03.platesmania.com/210928/m/17635121.jpg
362,http://img03.platesmania.com/210928/m/17635107.jpg
363,http://img03.platesmania.com/210928/m/17634724.jpg
364,http://img03.platesmania.com/210928/m/17634723.jpg
365,http://img03.platesmania.com/210928/m/17634722.jpg
366,http://img03.platesmania.com/210928/m/17634721.jpg
367,http://img03.platesmania.com/210927/m/17634136.jpg
368,http://img03.platesmania.com/210926/m/17626551.jpg
369,http://img03.platesmania.com/210926/m/17626543.jpg
370,http://img03.platesmania.com/210926/m/17626529.jpg
371,http://img03.platesmania.com/210926/m/17621552.jpg
372,http://img03.platesmania.com/210926/m/17621296.jpg
373,http://img03.platesmania.com/210926/m/17620510.jpg
374,http://img03.platesmania.com/210925/m/17620006.jpg
375,http://img03.platesmania.com/210925/m/17615042.jpg
376,http://img03.platesmania.com/210924/m/17611813.jpg
377,http://img03.platesmania.com/210924/m/17611796.jpg
378,http://img03.platesmania.com/210924/m/17611477.jpg
379,http://img03.platesmania.com/210924/m/17611472.jpg
380,http://img03.platesmania.com/210924/m/17611469.jpg
381,http://img03.platesmania.com/210924/m/17611461.jpg
382,http://img03.platesmania.com/210924/m/17611460.jpg
383,http://img03.platesmania.com/210924/m/17611438.jpg
384,http://img03.platesmania.com/210924/m/17611436.jpg
385,http://img03.platesmania.com/210924/m/17611434.jpg
386,http://img03.platesmania.com/210924/m/17611430.jpg
387,http://img03.platesmania.com/210924/m/17611426.jpg
388,http://img03.platesmania.com/210924/m/17611044.jpg
389,http://img03.platesmania.com/210924/m/17611042.jpg
390,http://img03.platesmania.com/210924/m/17611030.jpg
391,http://img03.platesmania.com/210924/m/17611021.jpg
392,http://img03.platesmania.com/210923/m/17605766.jpg
393,http://img03.platesmania.com/210923/m/17605740.jpg
394,http://img03.platesmania.com/210923/m/17604985.jpg
395,http://img03.platesmania.com/210923/m/17604982.jpg
396,http://img03.platesmania.com/210923/m/17604785.jpg
397,http://img03.platesmania.com/210923/m/17600363.jpg
398,http://img03.platesmania.com/210923/m/17600360.jpg
399,http://img03.platesmania.com/210922/m/17597830.jpg
400,http://img03.platesmania.com/210922/m/17597100.jpg
401,http://img03.platesmania.com/210922/m/17596216.jpg
402,http://img03.platesmania.com/210922/m/17595682.jpg
403,http://img03.platesmania.com/210922/m/17595674.jpg
404,http://img03.platesmania.com/210922/m/17595666.jpg
405,http://img03.platesmania.com/210921/m/17589633.jpg
406,http://img03.platesmania.com/210921/m/17587970.jpg
407,http://img03.platesmania.com/210921/m/17587964.jpg
408,http://img03.platesmania.com/210921/m/17587960.jpg
409,http://img03.platesmania.com/210921/m/17587924.jpg
410,http://img03.platesmania.com/210920/m/17583021.jpg
411,http://img03.platesmania.com/210920/m/17583017.jpg
412,http://img03.platesmania.com/210920/m/17582880.jpg
413,http://img03.platesmania.com/210919/m/17580723.jpg
414,http://img03.platesmania.com/210919/m/17580539.jpg
415,http://img03.platesmania.com/210919/m/17580534.jpg
416,http://img03.platesmania.com/210919/m/17580530.jpg
417,http://img03.platesmania.com/210919/m/17580529.jpg
418,http://img03.platesmania.com/210919/m/17580294.jpg
419,http://img03.platesmania.com/210919/m/17578887.jpg
420,http://img03.platesmania.com/210919/m/17578825.jpg
421,http://img03.platesmania.com/210919/m/17578791.jpg
422,http://img03.platesmania.com/210919/m/17577353.jpg
423,http://img03.platesmania.com/210919/m/17577340.jpg
424,http://img03.platesmania.com/210919/m/17576721.jpg
425,http://img03.platesmania.com/210919/m/17575838.jpg
426,http://img03.platesmania.com/210919/m/17575829.jpg
427,http://img03.platesmania.com/210919/m/17575825.jpg
428,http://img03.platesmania.com/210919/m/17575822.jpg
429,http://img03.platesmania.com/210919/m/17575820.jpg
430,http://img03.platesmania.com/210919/m/17574078.jpg
431,http://img03.platesmania.com/210919/m/17574067.jpg
432,http://img03.platesmania.com/210919/m/17574006.jpg
433,http://img03.platesmania.com/210919/m/17573991.jpg
434,http://img03.platesmania.com/210919/m/17573980.jpg
435,http://img03.platesmania.com/210919/m/17573970.jpg
436,http://img03.platesmania.com/210919/m/17573957.jpg
437,http://img03.platesmania.com/210919/m/17573950.jpg
438,http://img03.platesmania.com/210919/m/17573925.jpg
439,http://img03.platesmania.com/210919/m/17573887.jpg
440,http://img03.platesmania.com/210919/m/17573866.jpg
441,http://img03.platesmania.com/210919/m/17573849.jpg
442,http://img03.platesmania.com/210919/m/17573836.jpg
443,http://img03.platesmania.com/210919/m/17573823.jpg
444,http://img03.platesmania.com/210919/m/17573607.jpg
445,http://img03.platesmania.com/210919/m/17573567.jpg
446,http://img03.platesmania.com/210918/m/17571452.jpg
447,http://img03.platesmania.com/210918/m/17571315.jpg
448,http://img03.platesmania.com/210918/m/17569026.jpg
449,http://img03.platesmania.com/210918/m/17568900.jpg
450,http://img03.platesmania.com/210918/m/17568865.jpg
451,http://img03.platesmania.com/210918/m/17568846.jpg
452,http://img03.platesmania.com/210918/m/17568819.jpg
453,http://img03.platesmania.com/210918/m/17568758.jpg
454,http://img03.platesmania.com/210918/m/17568738.jpg
455,http://img03.platesmania.com/210918/m/17568722.jpg
456,http://img03.platesmania.com/210918/m/17568704.jpg
457,http://img03.platesmania.com/210918/m/17568683.jpg
458,http://img03.platesmania.com/210918/m/17568659.jpg
459,http://img03.platesmania.com/210918/m/17568649.jpg
460,http://img03.platesmania.com/210918/m/17568617.jpg
461,http://img03.platesmania.com/210918/m/17568581.jpg
462,http://img03.platesmania.com/210918/m/17568570.jpg
463,http://img03.platesmania.com/210918/m/17568558.jpg
464,http://img03.platesmania.com/210918/m/17568548.jpg
465,http://img03.platesmania.com/210918/m/17568536.jpg
466,http://img03.platesmania.com/210918/m/17568519.jpg
467,http://img03.platesmania.com/210918/m/17568500.jpg
468,http://img03.platesmania.com/210918/m/17568489.jpg
469,http://img03.platesmania.com/210918/m/17568475.jpg
470,http://img03.platesmania.com/210918/m/17568464.jpg
471,http://img03.platesmania.com/210918/m/17568450.jpg
472,http://img03.platesmania.com/210918/m/17568434.jpg
473,http://img03.platesmania.com/210918/m/17568417.jpg
474,http://img03.platesmania.com/210918/m/17568390.jpg
475,http://img03.platesmania.com/210918/m/17567259.jpg
476,http://img03.platesmania.com/210918/m/17566728.jpg
477,http://img03.platesmania.com/210918/m/17566340.jpg
478,http://img03.platesmania.com/210918/m/17566195.jpg
479,http://img03.platesmania.com/210918/m/17566073.jpg
480,http://img03.platesmania.com/210918/m/17565994.jpg
481,http://img03.platesmania.com/210918/m/17565932.jpg
482,http://img03.platesmania.com/210918/m/17565835.jpg
483,http://img03.platesmania.com/210917/m/17564168.jpg
484,http://img03.platesmania.com/210917/m/17564126.jpg
485,http://img03.platesmania.com/210917/m/17564123.jpg
486,http://img03.platesmania.com/210917/m/17563808.jpg
487,http://img03.platesmania.com/210917/m/17563310.jpg
488,http://img03.platesmania.com/210917/m/17563003.jpg
489,http://img03.platesmania.com/210917/m/17562889.jpg
490,http://img03.platesmania.com/210917/m/17562886.jpg
491,http://img03.platesmania.com/210917/m/17562877.jpg
492,http://img03.platesmania.com/210917/m/17562859.jpg
493,http://img03.platesmania.com/210917/m/17560079.jpg
494,http://img03.platesmania.com/210917/m/17560075.jpg
495,http://img03.platesmania.com/210917/m/17558796.jpg
496,http://img03.platesmania.com/210917/m/17558793.jpg
497,http://img03.platesmania.com/210917/m/17558791.jpg
498,http://img03.platesmania.com/210917/m/17558790.jpg
499,http://img03.platesmania.com/210917/m/17558787.jpg
500,http://img03.platesmania.com/210917/m/17558071.jpg
501,http://img03.platesmania.com/210917/m/17558051.jpg
502,http://img03.platesmania.com/210916/m/17556289.jpg
503,http://img03.platesmania.com/210916/m/17555941.jpg
504,http://img03.platesmania.com/210916/m/17555675.jpg
505,http://img03.platesmania.com/210916/m/17555578.jpg
506,http://img03.platesmania.com/210916/m/17555568.jpg
507,http://img03.platesmania.com/210916/m/17555563.jpg
508,http://img03.platesmania.com/210916/m/17555248.jpg
509,http://img03.platesmania.com/210916/m/17555044.jpg
510,http://img03.platesmania.com/210916/m/17555039.jpg
511,http://img03.platesmania.com/210916/m/17555033.jpg
512,http://img03.platesmania.com/210916/m/17551415.jpg
513,http://img03.platesmania.com/210916/m/17550769.jpg
514,http://img03.platesmania.com/210916/m/17550767.jpg
515,http://img03.platesmania.com/210915/m/17548900.jpg
516,http://img03.platesmania.com/210915/m/17548760.jpg
517,http://img03.platesmania.com/210915/m/17548755.jpg
518,http://img03.platesmania.com/210915/m/17548343.jpg
519,http://img03.platesmania.com/210915/m/17546626.jpg
520,http://img03.platesmania.com/210915/m/17546624.jpg
521,http://img03.platesmania.com/210915/m/17546620.jpg
522,http://img03.platesmania.com/210915/m/17546614.jpg
523,http://img03.platesmania.com/210915/m/17546607.jpg
524,http://img03.platesmania.com/210915/m/17546604.jpg
525,http://img03.platesmania.com/210915/m/17545847.jpg
526,http://img03.platesmania.com/210915/m/17543230.jpg
527,http://img03.platesmania.com/210915/m/17543226.jpg
528,http://img03.platesmania.com/210915/m/17543223.jpg
529,http://img03.platesmania.com/210915/m/17543220.jpg
530,http://img03.platesmania.com/210915/m/17543217.jpg
531,http://img03.platesmania.com/210915/m/17543211.jpg
532,http://img03.platesmania.com/210915/m/17543207.jpg
533,http://img03.platesmania.com/210915/m/17543204.jpg
534,http://img03.platesmania.com/210915/m/17543202.jpg
535,http://img03.platesmania.com/210915/m/17543199.jpg
536,http://img03.platesmania.com/210915/m/17543196.jpg
537,http://img03.platesmania.com/210915/m/17543193.jpg
538,http://img03.platesmania.com/210914/m/17541679.jpg
539,http://img03.platesmania.com/210914/m/17539084.jpg
540,http://img03.platesmania.com/210914/m/17538473.jpg
541,http://img03.platesmania.com/210914/m/17538454.jpg
542,http://img03.platesmania.com/210914/m/17537874.jpg
543,http://img03.platesmania.com/210914/m/17537806.jpg
544,http://img03.platesmania.com/210914/m/17537413.jpg
545,http://img03.platesmania.com/210914/m/17537411.jpg
546,http://img03.platesmania.com/210914/m/17536579.jpg
547,http://img03.platesmania.com/210913/m/17535376.jpg
548,http://img03.platesmania.com/210913/m/17535270.jpg
549,http://img03.platesmania.com/210913/m/17534566.jpg
550,http://img03.platesmania.com/210913/m/17534558.jpg
551,http://img03.platesmania.com/210913/m/17534539.jpg
552,http://img03.platesmania.com/210913/m/17534529.jpg
553,http://img03.platesmania.com/210913/m/17534512.jpg
554,http://img03.platesmania.com/210913/m/17534506.jpg
555,http://img03.platesmania.com/210913/m/17534496.jpg
556,http://img03.platesmania.com/210913/m/17534485.jpg
557,http://img03.platesmania.com/210913/m/17534473.jpg
558,http://img03.platesmania.com/210913/m/17534453.jpg
559,http://img03.platesmania.com/210913/m/17534305.jpg
560,http://img03.platesmania.com/210913/m/17534236.jpg
561,http://img03.platesmania.com/210913/m/17534227.jpg
562,http://img03.platesmania.com/210913/m/17532592.jpg
563,http://img03.platesmania.com/210913/m/17532454.jpg
564,http://img03.platesmania.com/210913/m/17532447.jpg
565,http://img03.platesmania.com/210913/m/17532340.jpg
566,http://img03.platesmania.com/210913/m/17532335.jpg
567,http://img03.platesmania.com/210913/m/17532327.jpg
568,http://img03.platesmania.com/210913/m/17532312.jpg
569,http://img03.platesmania.com/210913/m/17532297.jpg
570,http://img03.platesmania.com/210913/m/17532284.jpg
571,http://img03.platesmania.com/210913/m/17532153.jpg
572,http://img03.platesmania.com/210913/m/17532100.jpg
573,http://img03.platesmania.com/210913/m/17531095.jpg
574,http://img03.platesmania.com/210913/m/17530937.jpg
575,http://img03.platesmania.com/210913/m/17529727.jpg
576,http://img03.platesmania.com/210913/m/17529724.jpg
577,http://img03.platesmania.com/210913/m/17529717.jpg
578,http://img03.platesmania.com/210913/m/17529711.jpg
579,http://img03.platesmania.com/210913/m/17529704.jpg
580,http://img03.platesmania.com/210913/m/17529702.jpg
581,http://img03.platesmania.com/210912/m/17527560.jpg
582,http://img03.platesmania.com/210912/m/17527534.jpg
583,http://img03.platesmania.com/210912/m/17527509.jpg
584,http://img03.platesmania.com/210912/m/17527494.jpg
585,http://img03.platesmania.com/210912/m/17527470.jpg
586,http://img03.platesmania.com/210912/m/17527382.jpg
587,http://img03.platesmania.com/210912/m/17527364.jpg
588,http://img03.platesmania.com/210912/m/17527338.jpg
589,http://img03.platesmania.com/210912/m/17527322.jpg
590,http://img03.platesmania.com/210912/m/17527310.jpg
591,http://img03.platesmania.com/210912/m/17527290.jpg
592,http://img03.platesmania.com/210912/m/17527265.jpg
593,http://img03.platesmania.com/210912/m/17527245.jpg
594,http://img03.platesmania.com/210912/m/17527222.jpg
595,http://img03.platesmania.com/210912/m/17527198.jpg
596,http://img03.platesmania.com/210912/m/17527178.jpg
597,http://img03.platesmania.com/210912/m/17527157.jpg
598,http://img03.platesmania.com/210912/m/17527129.jpg
599,http://img03.platesmania.com/210912/m/17527102.jpg
600,http://img03.platesmania.com/210912/m/17527086.jpg
601,http://img03.platesmania.com/210912/m/17526962.jpg
602,http://img03.platesmania.com/210912/m/17526933.jpg
603,http://img03.platesmania.com/210912/m/17523394.jpg
604,http://img03.platesmania.com/210912/m/17520834.jpg
605,http://img03.platesmania.com/210912/m/17520687.jpg
606,http://img03.platesmania.com/210912/m/17520684.jpg
607,http://img03.platesmania.com/210912/m/17520682.jpg
608,http://img03.platesmania.com/210911/m/17518874.jpg
609,http://img03.platesmania.com/210911/m/17518860.jpg
610,http://img03.platesmania.com/210911/m/17518849.jpg
611,http://img03.platesmania.com/210911/m/17518844.jpg
612,http://img03.platesmania.com/210911/m/17518834.jpg
613,http://img03.platesmania.com/210911/m/17518767.jpg
614,http://img03.platesmania.com/210911/m/17518622.jpg
615,http://img03.platesmania.com/210911/m/17516496.jpg
616,http://img03.platesmania.com/210911/m/17516476.jpg
617,http://img03.platesmania.com/210911/m/17516472.jpg
618,http://img03.platesmania.com/210910/m/17512122.jpg
619,http://img03.platesmania.com/210910/m/17511256.jpg
620,http://img03.platesmania.com/210910/m/17511241.jpg
621,http://img03.platesmania.com/210910/m/17511204.jpg
622,http://img03.platesmania.com/210910/m/17509629.jpg
623,http://img03.platesmania.com/210910/m/17508151.jpg
624,http://img03.platesmania.com/210910/m/17507281.jpg
625,http://img03.platesmania.com/210910/m/17506113.jpg
626,http://img03.platesmania.com/210910/m/17505951.jpg
627,http://img03.platesmania.com/210910/m/17505934.jpg
628,http://img03.platesmania.com/210909/m/17505107.jpg
629,http://img03.platesmania.com/210909/m/17505080.jpg
630,http://img03.platesmania.com/210909/m/17504916.jpg
631,http://img03.platesmania.com/210909/m/17504084.jpg
632,http://img03.platesmania.com/210909/m/17503321.jpg
633,http://img03.platesmania.com/210909/m/17503290.jpg
634,http://img03.platesmania.com/210909/m/17503268.jpg
635,http://img03.platesmania.com/210909/m/17503259.jpg
636,http://img03.platesmania.com/210909/m/17503239.jpg
637,http://img03.platesmania.com/210909/m/17503217.jpg
638,http://img03.platesmania.com/210909/m/17503197.jpg
639,http://img03.platesmania.com/210909/m/17503179.jpg
640,http://img03.platesmania.com/210909/m/17503155.jpg
641,http://img03.platesmania.com/210909/m/17503142.jpg
642,http://img03.platesmania.com/210909/m/17503128.jpg
643,http://img03.platesmania.com/210909/m/17503116.jpg
644,http://img03.platesmania.com/210909/m/17503105.jpg
645,http://img03.platesmania.com/210909/m/17503090.jpg
646,http://img03.platesmania.com/210909/m/17503076.jpg
647,http://img03.platesmania.com/210909/m/17502994.jpg
648,http://img03.platesmania.com/210909/m/17502974.jpg
649,http://img03.platesmania.com/210909/m/17502962.jpg
650,http://img03.platesmania.com/210909/m/17502055.jpg
651,http://img03.platesmania.com/210909/m/17501914.jpg
652,http://img03.platesmania.com/210909/m/17501901.jpg
653,http://img03.platesmania.com/210909/m/17501885.jpg
654,http://img03.platesmania.com/210909/m/17501884.jpg
655,http://img03.platesmania.com/210909/m/17498985.jpg
656,http://img03.platesmania.com/210908/m/17496119.jpg
657,http://img03.platesmania.com/210908/m/17495071.jpg
658,http://img03.platesmania.com/210908/m/17494058.jpg
659,http://img03.platesmania.com/210908/m/17494042.jpg
660,http://img03.platesmania.com/210908/m/17492448.jpg
661,http://img03.platesmania.com/210907/m/17491419.jpg
662,http://img03.platesmania.com/210907/m/17488633.jpg
663,http://img03.platesmania.com/210907/m/17488624.jpg
664,http://img03.platesmania.com/210907/m/17486504.jpg
665,http://img03.platesmania.com/210907/m/17486040.jpg
666,http://img03.platesmania.com/210907/m/17485893.jpg
667,http://img03.platesmania.com/210906/m/17483025.jpg
668,http://img03.platesmania.com/210906/m/17479539.jpg
669,http://img03.platesmania.com/210906/m/17478546.jpg
670,http://img03.platesmania.com/210905/m/17477149.jpg
671,http://img03.platesmania.com/210905/m/17477132.jpg
672,http://img03.platesmania.com/210905/m/17477102.jpg
673,http://img03.platesmania.com/210905/m/17477075.jpg
674,http://img03.platesmania.com/210905/m/17477071.jpg
675,http://img03.platesmania.com/210905/m/17477065.jpg
676,http://img03.platesmania.com/210905/m/17477061.jpg
677,http://img03.platesmania.com/210905/m/17477022.jpg
678,http://img03.platesmania.com/210905/m/17477014.jpg
679,http://img03.platesmania.com/210905/m/17477010.jpg
680,http://img03.platesmania.com/210905/m/17477005.jpg
681,http://img03.platesmania.com/210905/m/17477003.jpg
682,http://img03.platesmania.com/210905/m/17476999.jpg
683,http://img03.platesmania.com/210905/m/17476997.jpg
684,http://img03.platesmania.com/210905/m/17476992.jpg
685,http://img03.platesmania.com/210905/m/17476989.jpg
686,http://img03.platesmania.com/210905/m/17476987.jpg
687,http://img03.platesmania.com/210905/m/17476982.jpg
688,http://img03.platesmania.com/210905/m/17476979.jpg
689,http://img03.platesmania.com/210905/m/17476973.jpg
690,http://img03.platesmania.com/210905/m/17476972.jpg
691,http://img03.platesmania.com/210905/m/17476969.jpg
692,http://img03.platesmania.com/210905/m/17476959.jpg
693,http://img03.platesmania.com/210905/m/17476930.jpg
694,http://img03.platesmania.com/210905/m/17476900.jpg
695,http://img03.platesmania.com/210905/m/17476872.jpg
696,http://img03.platesmania.com/210905/m/17476852.jpg
697,http://img03.platesmania.com/210905/m/17476832.jpg
698,http://img03.platesmania.com/210905/m/17476817.jpg
699,http://img03.platesmania.com/210905/m/17476786.jpg
700,http://img03.platesmania.com/210905/m/17476769.jpg
701,http://img03.platesmania.com/210905/m/17476739.jpg
702,http://img03.platesmania.com/210905/m/17476710.jpg
703,http://img03.platesmania.com/210905/m/17476681.jpg
704,http://img03.platesmania.com/210905/m/17476661.jpg
705,http://img03.platesmania.com/210905/m/17476638.jpg
706,http://img03.platesmania.com/210905/m/17476619.jpg
707,http://img03.platesmania.com/210905/m/17476593.jpg
708,http://img03.platesmania.com/210905/m/17476558.jpg
709,http://img03.platesmania.com/210905/m/17476541.jpg
710,http://img03.platesmania.com/210905/m/17476521.jpg
711,http://img03.platesmania.com/210905/m/17476494.jpg
712,http://img03.platesmania.com/210905/m/17476475.jpg
713,http://img03.platesmania.com/210905/m/17476452.jpg
714,http://img03.platesmania.com/210905/m/17476427.jpg
715,http://img03.platesmania.com/210905/m/17476408.jpg
716,http://img03.platesmania.com/210905/m/17476398.jpg
717,http://img03.platesmania.com/210905/m/17476384.jpg
718,http://img03.platesmania.com/210905/m/17476358.jpg
719,http://img03.platesmania.com/210905/m/17476335.jpg
720,http://img03.platesmania.com/210905/m/17476276.jpg
721,http://img03.platesmania.com/210905/m/17476235.jpg
722,http://img03.platesmania.com/210905/m/17476200.jpg
723,http://img03.platesmania.com/210905/m/17475808.jpg
724,http://img03.platesmania.com/210905/m/17475431.jpg
725,http://img03.platesmania.com/210905/m/17475408.jpg
726,http://img03.platesmania.com/210905/m/17475211.jpg
727,http://img03.platesmania.com/210905/m/17474862.jpg
728,http://img03.platesmania.com/210905/m/17474835.jpg
729,http://img03.platesmania.com/210905/m/17474832.jpg
730,http://img03.platesmania.com/210905/m/17474806.jpg
731,http://img03.platesmania.com/210905/m/17474782.jpg
732,http://img03.platesmania.com/210905/m/17473523.jpg
733,http://img03.platesmania.com/210905/m/17473510.jpg
734,http://img03.platesmania.com/210905/m/17473316.jpg
735,http://img03.platesmania.com/210905/m/17471841.jpg
736,http://img03.platesmania.com/210905/m/17471779.jpg
737,http://img03.platesmania.com/210905/m/17471233.jpg
738,http://img03.platesmania.com/210905/m/17471224.jpg
739,http://img03.platesmania.com/210905/m/17471215.jpg
740,http://img03.platesmania.com/210905/m/17471180.jpg
741,http://img03.platesmania.com/210905/m/17471174.jpg
742,http://img03.platesmania.com/210905/m/17470956.jpg
743,http://img03.platesmania.com/210905/m/17470944.jpg
744,http://img03.platesmania.com/210905/m/17470913.jpg
745,http://img03.platesmania.com/210905/m/17470809.jpg
746,http://img03.platesmania.com/210905/m/17470253.jpg
747,http://img03.platesmania.com/210904/m/17468715.jpg
748,http://img03.platesmania.com/210904/m/17468709.jpg
749,http://img03.platesmania.com/210904/m/17468705.jpg
750,http://img03.platesmania.com/210904/m/17468701.jpg
751,http://img03.platesmania.com/210904/m/17468697.jpg
752,http://img03.platesmania.com/210904/m/17468354.jpg
753,http://img03.platesmania.com/210904/m/17466942.jpg
754,http://img03.platesmania.com/210904/m/17466938.jpg
755,http://img03.platesmania.com/210904/m/17466920.jpg
756,http://img03.platesmania.com/210904/m/17466363.jpg
757,http://img03.platesmania.com/210904/m/17464245.jpg
758,http://img03.platesmania.com/210903/m/17460145.jpg
759,http://img03.platesmania.com/210903/m/17460096.jpg
760,http://img03.platesmania.com/210903/m/17460053.jpg
761,http://img03.platesmania.com/210903/m/17459148.jpg
762,http://img03.platesmania.com/210903/m/17458089.jpg
763,http://img03.platesmania.com/210903/m/17458082.jpg
764,http://img03.platesmania.com/210903/m/17458079.jpg
765,http://img03.platesmania.com/210903/m/17458072.jpg
766,http://img03.platesmania.com/210903/m/17458059.jpg
767,http://img03.platesmania.com/210903/m/17458048.jpg
768,http://img03.platesmania.com/210903/m/17458040.jpg
769,http://img03.platesmania.com/210903/m/17455446.jpg
770,http://img03.platesmania.com/210903/m/17455444.jpg
771,http://img03.platesmania.com/210903/m/17455440.jpg
772,http://img03.platesmania.com/210903/m/17455439.jpg
773,http://img03.platesmania.com/210903/m/17455433.jpg
774,http://img03.platesmania.com/210903/m/17455429.jpg
775,http://img03.platesmania.com/210903/m/17455423.jpg
776,http://img03.platesmania.com/210903/m/17455420.jpg
777,http://img03.platesmania.com/210903/m/17455417.jpg
778,http://img03.platesmania.com/210902/m/17452625.jpg
779,http://img03.platesmania.com/210902/m/17451070.jpg
780,http://img03.platesmania.com/210902/m/17448860.jpg
781,http://img03.platesmania.com/210902/m/17448831.jpg
782,http://img03.platesmania.com/210901/m/17446519.jpg
783,http://img03.platesmania.com/210901/m/17446510.jpg
784,http://img03.platesmania.com/210901/m/17446504.jpg
785,http://img03.platesmania.com/210901/m/17446497.jpg
786,http://img03.platesmania.com/210901/m/17446488.jpg
787,http://img03.platesmania.com/210901/m/17445423.jpg
788,http://img03.platesmania.com/210901/m/17445393.jpg
789,http://img03.platesmania.com/210901/m/17445368.jpg
790,http://img03.platesmania.com/210901/m/17445337.jpg
791,http://img03.platesmania.com/210901/m/17445302.jpg
792,http://img03.platesmania.com/210901/m/17445282.jpg
793,http://img03.platesmania.com/210901/m/17445275.jpg
794,http://img03.platesmania.com/210901/m/17445260.jpg
795,http://img03.platesmania.com/210901/m/17445237.jpg
796,http://img03.platesmania.com/210901/m/17445210.jpg
797,http://img03.platesmania.com/210901/m/17445146.jpg
798,http://img03.platesmania.com/210901/m/17445124.jpg
799,http://img03.platesmania.com/210901/m/17445110.jpg
800,http://img03.platesmania.com/210901/m/17445091.jpg
801,http://img03.platesmania.com/210901/m/17445012.jpg
802,http://img03.platesmania.com/210901/m/17444995.jpg
803,http://img03.platesmania.com/210901/m/17444978.jpg
804,http://img03.platesmania.com/210901/m/17444961.jpg
805,http://img03.platesmania.com/210901/m/17444944.jpg
806,http://img03.platesmania.com/210901/m/17444933.jpg
807,http://img03.platesmania.com/210901/m/17444912.jpg
808,http://img03.platesmania.com/210901/m/17444888.jpg
809,http://img03.platesmania.com/210901/m/17444876.jpg
810,http://img03.platesmania.com/210901/m/17444846.jpg
811,http://img03.platesmania.com/210901/m/17444823.jpg
812,http://img03.platesmania.com/210901/m/17444803.jpg
813,http://img03.platesmania.com/210901/m/17444784.jpg
814,http://img03.platesmania.com/210901/m/17444767.jpg
815,http://img03.platesmania.com/210901/m/17444743.jpg
816,http://img03.platesmania.com/210901/m/17444691.jpg
817,http://img03.platesmania.com/210901/m/17444667.jpg
818,http://img03.platesmania.com/210901/m/17444630.jpg
819,http://img03.platesmania.com/210901/m/17444613.jpg
820,http://img03.platesmania.com/210901/m/17444593.jpg
821,http://img03.platesmania.com/210901/m/17444562.jpg
822,http://img03.platesmania.com/210901/m/17444541.jpg
823,http://img03.platesmania.com/210901/m/17444524.jpg
824,http://img03.platesmania.com/210901/m/17444516.jpg
825,http://img03.platesmania.com/210901/m/17443637.jpg
826,http://img03.platesmania.com/210901/m/17443620.jpg
827,http://img03.platesmania.com/210901/m/17443437.jpg
828,http://img03.platesmania.com/210901/m/17443421.jpg
829,http://img03.platesmania.com/210901/m/17443277.jpg
830,http://img03.platesmania.com/210901/m/17443248.jpg
831,http://img03.platesmania.com/210901/m/17443226.jpg
832,http://img03.platesmania.com/210901/m/17443209.jpg
833,http://img03.platesmania.com/210901/m/17443186.jpg
834,http://img03.platesmania.com/210901/m/17443096.jpg
835,http://img03.platesmania.com/210901/m/17443080.jpg
836,http://img03.platesmania.com/210901/m/17443058.jpg
837,http://img03.platesmania.com/210901/m/17443054.jpg
838,http://img03.platesmania.com/210901/m/17443017.jpg
839,http://img03.platesmania.com/210901/m/17442993.jpg
840,http://img03.platesmania.com/210901/m/17442252.jpg
841,http://img03.platesmania.com/210901/m/17441661.jpg
842,http://img03.platesmania.com/210901/m/17440846.jpg
843,http://img03.platesmania.com/210831/m/17438938.jpg
844,http://img03.platesmania.com/210831/m/17438933.jpg
845,http://img03.platesmania.com/210831/m/17437492.jpg
846,http://img03.platesmania.com/210831/m/17437483.jpg
847,http://img03.platesmania.com/210831/m/17437470.jpg
848,http://img03.platesmania.com/210831/m/17435742.jpg
849,http://img03.platesmania.com/210831/m/17435700.jpg
850,http://img03.platesmania.com/210831/m/17435688.jpg
851,http://img03.platesmania.com/210831/m/17435684.jpg
852,http://img03.platesmania.com/210831/m/17434827.jpg
853,http://img03.platesmania.com/210831/m/17433517.jpg
854,http://img03.platesmania.com/210831/m/17433492.jpg
855,http://img03.platesmania.com/210830/m/17432317.jpg
856,http://img03.platesmania.com/210830/m/17431762.jpg
857,http://img03.platesmania.com/210830/m/17431351.jpg
858,http://img03.platesmania.com/210830/m/17429750.jpg
859,http://img03.platesmania.com/210830/m/17425916.jpg
860,http://img03.platesmania.com/210829/m/17424874.jpg
861,http://img03.platesmania.com/210829/m/17418277.jpg
862,http://img03.platesmania.com/210828/m/17416190.jpg
863,http://img03.platesmania.com/210828/m/17416186.jpg
864,http://img03.platesmania.com/210828/m/17416185.jpg
865,http://img03.platesmania.com/210828/m/17416183.jpg
866,http://img03.platesmania.com/210828/m/17415633.jpg
867,http://img03.platesmania.com/210828/m/17414736.jpg
868,http://img03.platesmania.com/210828/m/17414733.jpg
869,http://img03.platesmania.com/210828/m/17414719.jpg
870,http://img03.platesmania.com/210828/m/17414567.jpg
871,http://img03.platesmania.com/210828/m/17411918.jpg
872,http://img03.platesmania.com/210828/m/17411236.jpg
873,http://img03.platesmania.com/210828/m/17410339.jpg
874,http://img03.platesmania.com/210828/m/17410337.jpg
875,http://img03.platesmania.com/210828/m/17410335.jpg
876,http://img03.platesmania.com/210828/m/17410333.jpg
877,http://img03.platesmania.com/210828/m/17410331.jpg
878,http://img03.platesmania.com/210828/m/17410330.jpg
879,http://img03.platesmania.com/210828/m/17410328.jpg
880,http://img03.platesmania.com/210828/m/17410326.jpg
881,http://img03.platesmania.com/210828/m/17409783.jpg
882,http://img03.platesmania.com/210828/m/17409744.jpg
883,http://img03.platesmania.com/210827/m/17409060.jpg
884,http://img03.platesmania.com/210827/m/17408516.jpg
885,http://img03.platesmania.com/210827/m/17408151.jpg
886,http://img03.platesmania.com/210827/m/17407766.jpg
887,http://img03.platesmania.com/210827/m/17407639.jpg
888,http://img03.platesmania.com/210827/m/17407263.jpg
889,http://img03.platesmania.com/210827/m/17407259.jpg
890,http://img03.platesmania.com/210827/m/17407249.jpg
891,http://img03.platesmania.com/210827/m/17407245.jpg
892,http://img03.platesmania.com/210827/m/17407244.jpg
893,http://img03.platesmania.com/210827/m/17407238.jpg
894,http://img03.platesmania.com/210827/m/17407235.jpg
895,http://img03.platesmania.com/210827/m/17407224.jpg
896,http://img03.platesmania.com/210827/m/17407217.jpg
897,http://img03.platesmania.com/210827/m/17407212.jpg
898,http://img03.platesmania.com/210827/m/17407205.jpg
899,http://img03.platesmania.com/210827/m/17407203.jpg
900,http://img03.platesmania.com/210827/m/17407201.jpg
901,http://img03.platesmania.com/210827/m/17406942.jpg
902,http://img03.platesmania.com/210826/m/17401224.jpg
903,http://img03.platesmania.com/210826/m/17400944.jpg
904,http://img03.platesmania.com/210826/m/17400896.jpg
905,http://img03.platesmania.com/210826/m/17400894.jpg
906,http://img03.platesmania.com/210826/m/17399462.jpg
907,http://img03.platesmania.com/210826/m/17399424.jpg
908,http://img03.platesmania.com/210826/m/17399412.jpg
909,http://img03.platesmania.com/210826/m/17399393.jpg
910,http://img03.platesmania.com/210826/m/17399348.jpg
911,http://img03.platesmania.com/210826/m/17399346.jpg
912,http://img03.platesmania.com/210826/m/17399284.jpg
913,http://img03.platesmania.com/210826/m/17399279.jpg
914,http://img03.platesmania.com/210826/m/17399273.jpg
915,http://img03.platesmania.com/210826/m/17399262.jpg
916,http://img03.platesmania.com/210826/m/17398999.jpg
917,http://img03.platesmania.com/210826/m/17398791.jpg
918,http://img03.platesmania.com/210826/m/17398161.jpg
919,http://img03.platesmania.com/210825/m/17394998.jpg
920,http://img03.platesmania.com/210825/m/17390450.jpg
921,http://img03.platesmania.com/210825/m/17389550.jpg
922,http://img03.platesmania.com/210825/m/17389548.jpg
923,http://img03.platesmania.com/210825/m/17389544.jpg
924,http://img03.platesmania.com/210825/m/17389542.jpg
925,http://img03.platesmania.com/210825/m/17389539.jpg
926,http://img03.platesmania.com/210825/m/17389534.jpg
927,http://img03.platesmania.com/210824/m/17388129.jpg
928,http://img03.platesmania.com/210824/m/17388100.jpg
929,http://img03.platesmania.com/210824/m/17388066.jpg
930,http://img03.platesmania.com/210824/m/17388050.jpg
931,http://img03.platesmania.com/210824/m/17387921.jpg
932,http://img03.platesmania.com/210824/m/17387898.jpg
933,http://img03.platesmania.com/210824/m/17387873.jpg
934,http://img03.platesmania.com/210824/m/17387861.jpg
935,http://img03.platesmania.com/210824/m/17387828.jpg
936,http://img03.platesmania.com/210824/m/17387814.jpg
937,http://img03.platesmania.com/210824/m/17387795.jpg
938,http://img03.platesmania.com/210824/m/17387774.jpg
939,http://img03.platesmania.com/210824/m/17387754.jpg
940,http://img03.platesmania.com/210824/m/17387733.jpg
941,http://img03.platesmania.com/210824/m/17387706.jpg
942,http://img03.platesmania.com/210824/m/17387681.jpg
943,http://img03.platesmania.com/210824/m/17387665.jpg
944,http://img03.platesmania.com/210824/m/17387650.jpg
945,http://img03.platesmania.com/210824/m/17387637.jpg
946,http://img03.platesmania.com/210824/m/17387614.jpg
947,http://img03.platesmania.com/210824/m/17387603.jpg
948,http://img03.platesmania.com/210824/m/17387565.jpg
949,http://img03.platesmania.com/210824/m/17387559.jpg
950,http://img03.platesmania.com/210824/m/17387540.jpg
951,http://img03.platesmania.com/210824/m/17387516.jpg
952,http://img03.platesmania.com/210824/m/17387497.jpg
953,http://img03.platesmania.com/210824/m/17387100.jpg
954,http://img03.platesmania.com/210824/m/17387076.jpg
955,http://img03.platesmania.com/210824/m/17387057.jpg
956,http://img03.platesmania.com/210824/m/17387010.jpg
957,http://img03.platesmania.com/210824/m/17386978.jpg
958,http://img03.platesmania.com/210824/m/17386966.jpg
959,http://img03.platesmania.com/210824/m/17386950.jpg
960,http://img03.platesmania.com/210824/m/17386935.jpg
961,http://img03.platesmania.com/210824/m/17386929.jpg
962,http://img03.platesmania.com/210824/m/17386916.jpg
963,http://img03.platesmania.com/210824/m/17386902.jpg
964,http://img03.platesmania.com/210824/m/17386894.jpg
965,http://img03.platesmania.com/210824/m/17386881.jpg
966,http://img03.platesmania.com/210824/m/17386033.jpg
967,http://img03.platesmania.com/210824/m/17385703.jpg
968,http://img03.platesmania.com/210824/m/17383241.jpg
969,http://img03.platesmania.com/210823/m/17381294.jpg
970,http://img03.platesmania.com/210823/m/17381289.jpg
971,http://img03.platesmania.com/210823/m/17376963.jpg
972,http://img03.platesmania.com/210823/m/17376958.jpg
973,http://img03.platesmania.com/210823/m/17376687.jpg
974,http://img03.platesmania.com/210823/m/17376679.jpg
975,http://img03.platesmania.com/210822/m/17371801.jpg
976,http://img03.platesmania.com/210822/m/17371208.jpg
977,http://img03.platesmania.com/210822/m/17371185.jpg
978,http://img03.platesmania.com/210821/m/17369504.jpg
979,http://img03.platesmania.com/210821/m/17369494.jpg
980,http://img03.platesmania.com/210821/m/17368506.jpg
981,http://img03.platesmania.com/210821/m/17368487.jpg
982,http://img03.platesmania.com/210821/m/17368451.jpg
983,http://img03.platesmania.com/210821/m/17368430.jpg
984,http://img03.platesmania.com/210821/m/17364696.jpg
985,http://img03.platesmania.com/210820/m/17362364.jpg
986,http://img03.platesmania.com/210820/m/17362355.jpg
987,http://img03.platesmania.com/210820/m/17362337.jpg
988,http://img03.platesmania.com/210820/m/17362323.jpg
989,http://img03.platesmania.com/210820/m/17362308.jpg
